id,set,system,question,answer,citations,score,refused,correct,citation_correct,correct_and_cited
S01,blind,hosted_rag,When a learner asks about something unsupported by the notes what should the tool return?,The tool should return `not found` when the notes do not contain the answer.,"03_responsible_use.pdf, page 1; 01_rag.pdf, page 1; 02_evaluation.pdf, page 1",0.490,False,True,True,True
S01,blind,keyword,When a learner asks about something unsupported by the notes what should the tool return?,"Scope and intended use StudyMate is a study-support tool for learners who need to locate explanations in supplied notes. It is not a grading system, a source of medical or financial advice, or a tool for handling personal data.","03_responsible_use.pdf, page 1",0.285,False,False,False,False
S02,blind,hosted_rag,Why is it useful to show the source with an answer?,"Showing the source with an answer is useful because it identifies the source and page or chunk used for the answer, ensuring that the information is grounded in trusted documents. Additionally, it helps maintain correctness and citation correctness, distinguishing between plausible answers and their sources.","03_responsible_use.pdf, page 1; 02_evaluation.pdf, page 1; 01_rag.pdf, page 1",0.411,False,True,True,True
S02,blind,keyword,Why is it useful to show the source with an answer?,"Retrieval augmented generation Retrieval augmented generation, or RAG, first retrieves relevant passages from a trusted document collection. A language model then writes an answer using those passages as evidence.","01_rag.pdf, page 1",0.217,False,False,True,False
S03,blind,hosted_rag,What is the first operation in a retrieval augmented answer?,The first operation in a retrieval augmented answer is to retrieve relevant passages from a trusted document collection.,"01_rag.pdf, page 1; 02_evaluation.pdf, page 1; 03_responsible_use.pdf, page 1",0.570,False,False,True,False
S03,blind,keyword,What is the first operation in a retrieval augmented answer?,"Retrieval augmented generation Retrieval augmented generation, or RAG, first retrieves relevant passages from a trusted document collection. A language model then writes an answer using those passages as evidence.","01_rag.pdf, page 1",0.398,False,True,True,True
S04,blind,hosted_rag,Can a response be factually plausible but still fail evaluation?,"Yes, an answer may be plausible but cite the wrong source, leading to a failure in evaluation.","02_evaluation.pdf, page 1; 01_rag.pdf, page 1; 03_responsible_use.pdf, page 1",0.390,False,True,True,True
S04,blind,keyword,Can a response be factually plausible but still fail evaluation?,Evaluation design An evaluation question needs an expected answer and an expected source. Correctness and citation correctness are separate checks: an answer may be plausible but cite the wrong source.,"02_evaluation.pdf, page 1",0.250,False,True,True,True
S05,blind,hosted_rag,Which comparison should be run alongside the RAG system?,A keyword-search baseline should run on exactly the same questions as the RAG system.,"02_evaluation.pdf, page 1; 01_rag.pdf, page 1; 03_responsible_use.pdf, page 1",0.532,False,True,True,True
S05,blind,keyword,Which comparison should be run alongside the RAG system?,Evaluation design An evaluation question needs an expected answer and an expected source. Correctness and citation correctness are separate checks: an answer may be plausible but cite the wrong source.,"02_evaluation.pdf, page 1",0.164,False,False,True,False
S06,blind,hosted_rag,Why should the builder not treat their own questions as final proof?,"The builder should not treat their own questions as final proof because questions written by the system builder may reuse the source wording, making them less credible. A separate set of questions written by someone who has not seen the index provides a more credible blind test.","02_evaluation.pdf, page 1; 03_responsible_use.pdf, page 1; 01_rag.pdf, page 1",0.425,False,True,True,True
S06,blind,keyword,Why should the builder not treat their own questions as final proof?,Evaluation design An evaluation question needs an expected answer and an expected source. Correctness and citation correctness are separate checks: an answer may be plausible but cite the wrong source.,"02_evaluation.pdf, page 1",0.284,False,False,True,False
S07,blind,hosted_rag,What type of use is StudyMate intended to support?,StudyMate is a study-support tool for learners who need to locate explanations in supplied notes.,"03_responsible_use.pdf, page 1; 01_rag.pdf, page 1; 02_evaluation.pdf, page 1",0.680,False,True,True,True
S07,blind,keyword,What type of use is StudyMate intended to support?,"Scope and intended use StudyMate is a study-support tool for learners who need to locate explanations in supplied notes. It is not a grading system, a source of medical or financial advice, or a tool for handling personal data.","03_responsible_use.pdf, page 1",0.247,False,True,True,True
S08,blind,hosted_rag,What two model related quantities make up hosted-answer cost?,The two model related quantities that make up hosted-answer cost are embedding tokens and language-model input and output tokens.,"03_responsible_use.pdf, page 1; 01_rag.pdf, page 1; 02_evaluation.pdf, page 1",0.372,False,True,True,True
S08,blind,keyword,What two model related quantities make up hosted-answer cost?,"Scope and intended use StudyMate is a study-support tool for learners who need to locate explanations in supplied notes. It is not a grading system, a source of medical or financial advice, or a tool for handling personal data.","03_responsible_use.pdf, page 1",0.350,False,False,True,False
S09,blind,hosted_rag,What is a dangerous hidden failure for this system?,A dangerous hidden failure for this system is when retrieval selects an irrelevant chunk or when a model ignores evidence.,"02_evaluation.pdf, page 1; 01_rag.pdf, page 1; 03_responsible_use.pdf, page 1",0.265,False,True,True,True
S09,blind,keyword,What is a dangerous hidden failure for this system?,"Scope and intended use StudyMate is a study-support tool for learners who need to locate explanations in supplied notes. It is not a grading system, a source of medical or financial advice, or a tool for handling personal data.","03_responsible_use.pdf, page 1",0.146,False,False,True,False
S10,blind,hosted_rag,What should be inspected after the system gets a citation wrong?,"The system should review errors, show source excerpts, and keep a refusal threshold as practical mitigations.","02_evaluation.pdf, page 1; 01_rag.pdf, page 1; 03_responsible_use.pdf, page 1",0.433,False,False,True,False
S10,blind,keyword,What should be inspected after the system gets a citation wrong?,Evaluation design An evaluation question needs an expected answer and an expected source. Correctness and citation correctness are separate checks: an answer may be plausible but cite the wrong source.,"02_evaluation.pdf, page 1",0.164,False,False,False,False
